target_flux_per_ky_0,target_flux_per_ky_1,target_flux_per_ky_2,target_flux_per_ky_3,target_flux_per_ky_4,target_flux_per_ky_5,target_flux_per_ky_6,target_flux_per_ky_7,target_flux_per_ky_8,target_flux_per_ky_9,target_flux_per_ky_10,target_flux_per_ky_11,target_flux_per_ky_12,target_flux_per_ky_13,target_flux_per_ky_14,target_flux_per_ky_15,target_flux_per_ky_16,target_flux_per_ky_17,target_flux_per_ky_18,target_flux_per_ky_19,target_flux_per_ky_20,target_flux_per_ky_21,target_flux_per_ky_22,target_flux_per_ky_23,target_flux_per_ky_24,target_flux_per_ky_25,target_flux_per_ky_26,target_flux_per_ky_27,target_flux_per_ky_28,target_flux_per_ky_29,target_flux_per_ky_30,target_flux_per_ky_31,target_flux_per_ky_32,target_flux_per_ky_33,target_flux_per_ky_34,target_flux_per_ky_35,target_flux_per_ky_36,target_flux_per_ky_37,target_flux_per_ky_38,target_flux_per_ky_39,target_flux_per_ky_40,target_flux_per_ky_41,target_flux_per_ky_42,target_flux_per_ky_43,target_flux_per_ky_44,target_flux_per_ky_45,target_flux_per_ky_46,target_flux_per_ky_47,target_flux_per_ky_48,target_flux_per_ky_49,target_flux_per_ky_50,target_flux_per_ky_51,target_flux_per_ky_52,target_flux_per_ky_53,target_flux_per_ky_54,target_flux_per_ky_55,target_flux_per_ky_56,target_flux_per_ky_57,target_flux_per_ky_58,target_flux_per_ky_59,target_flux_per_ky_60,target_flux_per_ky_61,target_flux_per_ky_62,target_flux_per_ky_63,target_flux_per_ky_64,target_flux_per_ky_65,target_flux_per_ky_66,target_flux_per_ky_67,target_flux_per_ky_68,target_flux_per_ky_69,target_flux_per_ky_70,target_flux_per_ky_71,target_flux_per_ky_72,target_flux_per_ky_73,target_flux_per_ky_74,target_flux_per_ky_75,target_flux_per_ky_76,target_flux_per_ky_77,target_flux_per_ky_78,target_flux_per_ky_79,target_flux_per_ky_80,target_flux_per_ky_81,target_flux_per_ky_82,target_flux_per_ky_83,target_flux_per_ky_84,target_flux_per_ky_85,target_flux_per_ky_86,target_flux_per_ky_87,target_flux_per_ky_88,target_flux_per_ky_89,target_flux_per_ky_90,target_flux_per_ky_91,target_flux_per_ky_92,target_flux_per_ky_93,target_flux_per_ky_94,target_flux_per_ky_95
919.6455,12218.357,581.3267,-30.880594,1445.701,19209.148,897.1523,-48.258625,1635.965,21747.475,989.0773,-54.04019,1727.0204,22981.58,1018.7956,-56.32287,1776.9316,23681.045,1025.1246,-57.163532,1806.6244,24117.41,1020.95166,-57.32218,1842.8313,24620.016,1000.2845,-56.881588,1843.8235,24932.922,961.27496,-56.081886,1827.0554,25159.465,921.3424,-55.570816,1817.8406,25299.59,896.8678,-55.4591,1812.3235,25391.633,881.02625,-55.42931,1808.8225,25454.996,870.36615,-55.420963,1806.5072,25500.31,862.9517,-55.419548,1802.4934,25589.336,849.062,-55.423378,1800.8232,25638.008,842.3019,-55.429554,1800.1616,25664.514,839.1949,-55.4341,1799.9131,25678.96,837.86273,-55.436928,1799.8251,25686.79,837.3423,-55.438602,1799.7927,25690.973,837.17035,-55.43943,1799.7811,25693.191,837.1274,-55.43975,1799.7765,25694.357,837.11993,-55.439857,1799.7745,25694.959,837.11914,-55.43992,1799.7738,25695.264,837.11926,-55.439934,1799.7736,25695.416,837.1194,-55.43995
-3320.5852,-4255.0513,655.63654,54.58954,-5172.2007,-6599.4663,982.61835,84.27721,,,,,,,,,,,,,,,,,,,,,,,,,,,,,,,,,,,,,,,,,,,,,,,,,,,,,,,,,,,,,,,,,,,,,,,,,,,,,,,,,,,,,,,,
-0.15160152,0.14260733,3.1511943,-0.014176307,-0.31133354,0.2847353,5.3089414,-0.028746253,-0.41394833,0.3864374,6.351131,-0.0370671,-0.7354278,0.043553546,6.71855,-0.035242777,-0.9968582,-0.26135647,6.8861136,-0.032616384,-1.0130558,-0.24189183,7.0683045,-0.03294798,-1.0319009,-0.21446314,7.316267,-0.03332194,-1.0415541,-0.19661736,7.4742103,-0.033476405,-1.0475998,-0.18434286,7.579551,-0.03362204,-1.0529306,-0.17637232,7.6475983,-0.033688217,-1.0568142,-0.15830451,7.6722627,-0.0336169,0.0,0.0,0.0,0.0,0.0,0.0,0.0,0.0,0.0,0.0,0.0,0.0,0.0,0.0,0.0,0.0,-1.0776896,0.24735488,7.628195,-0.033054147,-1.0811232,0.4628901,7.6013823,-0.033048242,-1.0837067,1.0027431,7.530171,-0.033324935,-1.0865327,1.8924351,7.435147,-0.033749208,-1.0897613,2.6960437,7.3838863,-0.033909965,-1.0912709,3.211029,7.362805,-0.033968594,-1.0918268,3.465266,7.354603,-0.03396006,-1.0919299,3.5407722,7.3527994,-0.033952653,-1.0919433,3.5588052,7.3524866,-0.03395195
15.86585,43.188484,15.870526,-21.54629,24.868567,67.57091,23.92121,-31.578354,28.14203,76.31972,25.887835,-33.249905,29.771595,80.67261,26.652496,-33.80948,30.656847,83.06179,27.03272,-34.056694,31.166012,84.4503,27.24433,-34.179028,31.677145,85.86391,27.439232,-34.283188,31.864006,86.3737,27.543488,-34.345436,31.926807,86.535194,27.629429,-34.39696,31.951378,86.60948,27.67922,-34.421806,31.960886,86.64566,27.708244,-34.435432,31.964527,86.664345,27.725477,-34.443623,31.96598,86.6747,27.73598,-34.448883,31.969053,86.68951,27.75144,-34.457825,31.973408,86.69272,27.756084,-34.4621,0.0,0.0,0.0,0.0,0.0,0.0,0.0,0.0,0.0,0.0,0.0,0.0,0.0,0.0,0.0,0.0,0.0,0.0,0.0,0.0,0.0,0.0,0.0,0.0,0.0,0.0,0.0,0.0,0.0,0.0,0.0,0.0,0.0,0.0,0.0,0.0
-2033.9585,10730.506,1412.9752,-88.931366,-3263.9695,17020.934,2256.9636,-142.09683,-3802.9392,19464.781,2615.429,-165.12245,-4089.0166,20572.92,2803.385,-181.67796,-4222.2085,21029.596,2891.0046,-194.46666,-4280.329,21228.848,2929.8704,-202.42699,-4355.0093,21648.809,2921.2866,-192.73975,-4403.1694,22048.223,2865.3103,-175.74274,-4421.2944,22257.021,2821.222,-170.97685,-4429.394,22379.387,2792.1938,-169.54544,-4433.585,22456.98,2773.114,-169.04097,-4436.0166,22509.117,2760.153,-168.82838,-4437.553,22545.74,2751.0308,-168.72812,-4440.201,22616.41,2733.44,-168.60783,-4441.2686,22653.574,2724.2651,-168.58614,-4441.6797,22673.469,2719.4695,-168.58218,-4441.8574,22684.229,2717.0198,-168.58212,-4441.9243,22689.965,2715.7747,-168.58281,-4441.948,22693.002,2715.157,-168.5833,-4441.955,22694.648,2714.8765,-168.58334,-4441.9575,22695.557,2714.77,-168.58322,-4441.959,22696.043,2714.7375,-168.58316,-4441.9595,22696.28,2714.7275,-168.58313,-4441.9595,22696.393,2714.7249,-168.58313
0.0,0.0,0.0,0.0,0.0,0.0,0.0,0.0,-0.0033406038,0.022301676,-0.00035352193,-0.00012399649,-0.014860951,0.059678122,-0.00086569245,-0.0002585326,-0.040621854,0.12060043,-0.0015424007,-0.00047889326,-0.06821009,0.16673608,-0.0018523333,-0.00063588907,-0.10980743,0.20694426,-0.0016885151,-0.00074463955,-0.13807641,0.2147118,-0.0011819589,-0.00078176457,0.0,0.0,0.0,0.0,0.0,0.0,0.0,0.0,0.0,0.0,0.0,0.0,0.0,0.0,0.0,0.0,0.0,0.0,0.0,0.0,0.0,0.0,0.0,0.0,0.0,0.0,0.0,0.0,0.0,0.0,0.0,0.0,0.0,0.0,0.0,0.0,0.0,0.0,0.0,0.0,-0.32379735,0.2550537,0.0029744192,-0.00104575,-0.3237696,0.27536067,0.0028972102,-0.0010460966,-0.32375947,0.30189115,0.0028337713,-0.0010463033,-0.32377222,0.32758978,0.002795439,-0.0010465673,-0.32379806,0.34440908,0.0027797562,-0.0010466267,-0.32380968,0.35215655,0.0027750847,-0.0010466275
0.15450655,0.5317985,7.8157215,0.0040968517,0.73249257,1.9804229,10.719708,-0.010552219,2.553694,6.0810556,10.407114,-0.04559943,5.950336,13.425428,9.913595,-0.09106739,10.11735,22.199844,9.370056,-0.13593404,13.656195,29.500868,8.949889,-0.16842028,17.986137,38.206528,8.497443,-0.20148069,20.399225,42.876755,8.287484,-0.21593255,21.883953,45.64063,8.177848,-0.22316296,22.862661,47.391914,8.115741,-0.2271058,23.540724,48.558815,8.078409,-0.22939336,24.028551,49.3678,8.054927,-0.23078734,24.390118,49.94759,8.039621,-0.23167285,25.16137,51.136333,8.013378,-0.23317948,25.58799,51.76426,8.005371,-0.23367722,25.810041,52.09543,8.004396,-0.23380075,25.92164,52.269527,8.005633,-0.23380151,25.97707,52.359703,8.007308,-0.23378071,0.0,0.0,0.0,0.0,26.018906,52.430737,8.009129,-0.23376241,0.0,0.0,0.0,0.0,0.0,0.0,0.0,0.0,26.02374,52.441753,8.009161,-0.23376931,26.023895,52.443077,8.009165,-0.23376957
-429.014,7229.975,870.6394,-25.511877,-701.2346,11712.684,1387.2137,-43.980328,-823.3845,13615.871,1574.6294,-55.171844,-884.075,14532.398,1642.1447,-62.548027,-915.2617,15015.926,1662.3683,-67.534744,-930.8534,15290.386,1663.4453,-70.97997,-940.15515,15571.451,1650.6473,-75.284966,-937.19385,15703.357,2805.887,-78.30737,-932.68945,15766.618,3824.2878,-80.25422,-957.7768,15793.135,3822.9314,-80.75255,-998.35706,15811.918,3817.9631,-80.73175,-1023.186,15827.525,3813.8096,-80.71387,-1038.435,15841.071,3810.4202,-80.70301,-1060.0668,15871.865,3805.1055,-80.697754,-1065.2476,15890.209,3878.6064,-80.65902,-1065.2683,15893.832,4001.766,-80.62698,-1065.7891,15893.538,4071.9482,-80.62826,-1066.1346,15895.357,4106.7886,-80.59816,-1066.235,15897.661,4115.039,-80.58451,-1066.2783,15900.359,4114.754,-80.58403,-1066.2927,15901.879,4114.624,-80.5838,-1066.299,15902.686,4114.5728,-80.58365,-1066.301,15903.076,4114.554,-80.58359,-1066.3018,15903.252,4114.548,-80.58354
0.18276083,0.42487198,106.65343,-0.6901781,0.30933118,0.7667135,173.85603,-1.0072244,0.46536595,1.2530751,239.16142,-1.0358756,0.41058576,1.9341235,276.6306,-1.0345649,0.13930279,2.5464005,276.67993,-1.0460557,0.054985464,3.058354,287.9989,-1.024694,0.16855407,3.9698787,319.97217,-0.9587842,0.21822745,4.731765,339.05795,-0.9352672,0.112809464,5.025514,346.36826,-0.93153286,-0.09304634,4.9526606,346.3908,-0.937727,-0.26754805,4.875144,346.40698,-0.94246817,-0.421547,4.8011427,346.41913,-0.94626826,-0.5609714,4.733451,346.4286,-0.9493895,-0.76328063,5.1899652,346.41727,-0.9536296,-0.75566024,6.4612823,346.36313,-0.95386297,-0.749729,8.101716,346.3015,-0.95611644,-0.74104935,10.667788,346.1718,-0.958657,-0.7294897,14.179919,346.03104,-0.959175,-0.71689177,19.182283,345.93417,-0.9594098,-0.70341605,26.151548,345.83157,-0.95957583,-0.69438064,34.32508,345.75418,-0.95968056,-0.6878213,42.290607,345.70334,-0.9601307,-0.6833173,48.076393,345.68497,-0.9603379,-0.6802716,51.317524,345.68018,-0.9604236
4550.025,30658.283,1237.9884,23.786572,7462.587,50085.68,1981.5682,38.491596,8824.221,58919.4,2268.4636,44.847496,9567.568,63596.64,2390.9285,47.8754,10015.855,66337.64,2447.1965,49.03636,10303.266,68052.04,2474.809,48.97952,10629.56,69950.85,2500.3843,46.518284,10786.628,70834.2,2512.9497,42.739098,10867.379,71270.14,2522.033,39.582973,10912.1455,71497.76,2528.6626,38.306602,10939.675,71627.82,2533.2788,38.209286,10958.645,71711.91,2536.68,38.091557,10972.899,71772.71,2539.3582,37.816807,11004.364,71902.64,2545.2507,37.22122,11023.17,71974.55,2549.1074,36.98639,11028.708,72033.484,2549.795,36.82765,11026.399,72089.14,2548.3804,36.815178,11025.025,72116.2,2548.2017,36.791023,11024.42,72129.27,2548.2393,36.77949,11024.204,72135.44,2548.2783,36.776203,11024.13,72138.41,2548.292,36.77571,11024.102,72139.89,2548.2942,36.77571,11024.093,72140.66,2548.2942,36.77571,11024.089,72141.08,2548.2942,36.77565
1672.6116,10467.277,369.50708,60.416477,2723.6614,16904.33,550.95605,99.71234,3197.6528,19650.193,573.1301,118.97608,3456.3018,21075.438,553.3426,130.35416,3619.3499,21934.219,521.25507,138.16275,3734.7676,22514.809,483.98553,144.24815,3902.2324,23316.246,393.3142,153.65955,3999.6682,23785.75,318.58633,158.98357,4040.4724,24009.531,281.76123,160.95512,4056.31,24118.664,265.89853,161.64331,4061.7092,24175.004,260.2292,161.90068,4060.41,24216.863,255.9374,161.95393,4056.332,24254.6,250.86958,161.92343,4048.875,24326.873,242.51207,161.91153,4045.112,24370.062,238.82907,161.9234,4043.4487,24395.865,237.26393,161.93118,4042.7773,24411.086,236.63406,161.93506,4042.5063,24419.88,236.39507,161.93669,4042.389,24424.89,236.30505,161.93724,4042.3416,24427.762,236.27032,161.93735,4042.32,24429.424,236.25778,161.93738,4042.31,24430.379,236.25375,161.93738,4042.3057,24430.914,236.25272,161.93738,4042.304,24431.203,236.25262,161.93738
-0.010646174,0.05722366,2.9844813,-0.0305579,-0.016538406,0.10678274,5.1049156,-0.05221724,-0.017603915,0.1424896,6.3064103,-0.06666794,-0.017562132,0.16485147,7.042765,-0.07578246,0.0,0.0,0.0,0.0,0.0,0.0,0.0,0.0,0.0,0.0,0.0,0.0,0.0,0.0,0.0,0.0,0.0,0.0,0.0,0.0,0.0,0.0,0.0,0.0,0.0,0.0,0.0,0.0,0.0,0.0,0.0,0.0,0.0,0.0,0.0,0.0,0.0,0.0,0.0,0.0,0.0,0.0,0.0,0.0,0.0,0.0,0.0,0.0,0.0,0.0,0.0,0.0,0.0,0.0,0.0,0.0,0.0,0.0,0.0,0.0,0.0,0.0,0.0,0.0,0.0,0.0,0.0,0.0,0.0,0.0,0.0,0.0,0.0,0.0,0.0,0.0,0.0,0.0,0.0,0.0
2.4721508e-06,9.594089e-06,4.0234505e-07,2.876459e-07,3.3553937e-05,0.0001319306,6.3625753e-06,4.485795e-06,0.0012633507,0.004915554,0.00013461219,0.00010036106,0.0051914444,0.020130266,0.00039703754,0.00030912634,0.009369373,0.03600596,0.0004974652,0.00039856223,0.016329385,0.061306585,0.00043036757,0.00038207162,0.031806294,0.117923096,0.00042174206,0.00045945533,0.038905602,0.14564227,0.00046296325,0.0005096846,0.041355133,0.1574619,0.00046326115,0.0005007057,0.04239212,0.16405216,0.0004662847,0.00049932406,0.042968925,0.16842882,0.00046994773,0.00049960223,0.043383244,0.17161337,0.00047247426,0.0004998202,0.0437212,0.17398876,0.0004740092,0.0004999993,0.04445411,0.17837031,0.0004765856,0.0005004262,0.0,0.0,0.0,0.0,0.0,0.0,0.0,0.0,0.0,0.0,0.0,0.0,0.0,0.0,0.0,0.0,0.0,0.0,0.0,0.0,0.0,0.0,0.0,0.0,0.0,0.0,0.0,0.0,0.0,0.0,0.0,0.0,0.0,0.0,0.0,0.0,0.0,0.0,0.0,0.0
0.0,0.0,0.0,0.0,0.0,0.0,0.0,0.0,0.0,0.0,0.0,0.0,0.0021530597,0.014474718,-0.00085512653,-8.242438e-05,0.0036452455,0.025202362,-0.0014542091,-0.000120731005,0.0066004964,0.047739837,-0.0026442525,-0.0001741665,0.014764143,0.11504691,-0.0058687218,-0.00026122268,0.022155585,0.17921719,-0.008717045,-0.00030978236,0.03054555,0.2557745,-0.011895065,-0.00034291594,0.039701782,0.3423887,-0.015434731,-0.00037009374,0.046604715,0.41193184,-0.018255945,-0.00038327894,0.051903695,0.46988186,-0.0205944,-0.00038851815,0.056031093,0.5195547,-0.022593684,-0.00038969348,0.06445241,0.6439263,-0.027522165,-0.0003870445,0.070396364,0.76756054,-0.0321481,-0.00038580378,0.075197294,0.9007476,-0.036574367,-0.0003914485,0.07964718,1.0597112,-0.040896904,-0.0003993317,0.08419867,1.2721589,-0.045283783,-0.0004038069,0.088946775,1.5717545,-0.04993647,-0.00040751562,0.09370451,1.9769949,-0.054724284,-0.00041856375,0.09795212,2.4555726,-0.05891656,-0.0004352246,0.10110791,2.9154012,-0.061763566,-0.00044776144,0.103040025,3.2580123,-0.06320957,-0.0004541841,0.1040141,3.451314,-0.06374731,-0.0004573728
1.7920141e-06,1.0125952e-06,-0.00013009255,-3.3662116e-07,0.0006472362,0.00059788267,-0.000351179,6.551528e-06,0.0060022245,0.0056913006,-0.00071135187,0.00019195894,0.017615976,0.01720243,-0.00097383914,0.0006983229,0.04419158,0.04232351,-0.0012703071,0.0015522972,0.09014635,0.08375832,-0.0017476617,0.002557355,0.24071991,0.2201462,-0.0026598598,0.0069072247,0.40272546,0.36437964,-0.0029972452,0.011829285,0.5134619,0.4578978,-0.0028763632,0.014572303,0.5809275,0.51178914,-0.0027474305,0.015979134,0.6239065,0.54427576,-0.002668568,0.016737795,0.65227103,0.56474066,-0.002632074,0.017162621,0.67159724,0.57828116,-0.002626094,0.017412195,0.7065524,0.60267675,-0.0026712806,0.017769441,0.7302965,0.6207193,-0.002800099,0.017859552,0.0,0.0,0.0,0.0,0.0,0.0,0.0,0.0,0.0,0.0,0.0,0.0,0.0,0.0,0.0,0.0,0.0,0.0,0.0,0.0,0.0,0.0,0.0,0.0,0.0,0.0,0.0,0.0,0.0,0.0,0.0,0.0,0.0,0.0,0.0,0.0
3523.6565,4761.8457,12.107766,-1.1489267,5400.6587,7294.537,18.43333,-1.8486941,5936.8867,8012.735,20.080725,-2.1453815,6147.524,8291.716,20.644398,-2.2999272,6243.87,8417.9795,20.864273,-2.3880975,6291.022,8479.462,20.953648,-2.440944,6328.4136,8528.856,21.010916,-2.4919834,6337.647,8541.904,21.021778,-2.5083542,6352.9717,8555.237,21.015295,-2.4927213,6373.9336,8571.386,21.010447,-2.464357,6388.1465,8581.953,21.01652,-2.4515872,6398.196,8589.122,21.021679,-2.4481523,6405.47,8594.096,21.025105,-2.4457166,6419.074,8602.918,21.030762,-2.435921,6426.145,8607.206,21.031754,-2.429754,6428.6587,8608.812,21.03095,-2.429493,0.0,0.0,0.0,0.0,0.0,0.0,0.0,0.0,0.0,0.0,0.0,0.0,0.0,0.0,0.0,0.0,0.0,0.0,0.0,0.0,0.0,0.0,0.0,0.0,0.0,0.0,0.0,0.0,0.0,0.0,0.0,0.0
17663.559,58337.973,9752.436,-12.119752,28050.469,92620.4,15505.252,-19.433823,32176.398,106203.54,17817.586,-22.625076,34379.953,113429.44,19074.477,-24.566101,35745.305,117882.65,19871.3,-25.969933,36670.29,120878.734,20426.27,-27.095947,37843.844,124632.23,21163.734,-28.988945,38538.574,126801.89,21634.738,-30.603748,38988.074,128163.43,21964.613,-31.947308,39295.12,129060.73,22207.188,-32.996902,39512.29,129671.81,22388.77,-33.666405,39669.566,130099.04,22524.328,-33.87808,39785.6,130405.17,22624.607,-33.701576,40022.426,131011.914,22817.879,-32.91015,40153.258,131324.7,22910.785,-32.68078,40222.055,131470.53,22957.621,-32.724876,40257.13,131535.66,22982.873,-32.67679,40275.625,131565.7,22997.291,-32.646446,40283.14,131577.81,23005.828,-32.62261,40285.65,131584.1,23010.838,-32.61436,0.0,0.0,0.0,0.0,40287.824,131589.03,23014.479,-32.60721,40288.21,131589.53,23014.91,-32.6075,0.0,0.0,0.0,0.0
5312.841,18789.87,499.3404,-14.373618,8383.069,29614.764,775.2673,-24.581522,9518.767,33577.617,862.8619,-30.537619,10063.908,35458.125,898.8356,-34.375088,10362.213,36475.836,916.24414,-36.973846,10536.829,37065.684,925.77527,-38.800797,10709.76,37644.93,935.6947,-41.07619,10771.898,37851.957,940.5894,-42.252495,10793.438,37924.67,943.565,-42.813736,10802.223,37955.535,945.50903,-43.06828,10807.191,37973.805,946.79144,-43.191746,10810.571,37986.5,947.7045,-43.25242,10812.981,37995.57,948.42175,-43.27923,10817.682,38012.844,949.94574,-43.29801,10819.968,38020.887,950.8447,-43.28395,10821.075,38024.645,951.3516,-43.273106,0.0,0.0,0.0,0.0,0.0,0.0,0.0,0.0,10822.803,38032.875,951.9114,-43.26929,10822.949,38035.0,951.94293,-43.269863,10823.003,38035.973,951.96356,-43.26915,10823.013,38036.375,951.9648,-43.269157,10823.018,38036.586,951.9657,-43.26915,10823.02,38036.695,951.9661,-43.26912
3699.2954,18547.383,815.9223,-64.171104,6126.135,30651.201,1331.3365,-109.55943,7306.162,36453.25,1556.727,-135.89655,7957.2085,39599.38,1665.5731,-153.22658,8357.084,41497.34,1723.7224,-165.6579,8620.444,42725.3,1757.2513,-175.04967,8934.536,44156.062,1792.1128,-188.26558,9098.724,44876.87,1808.0258,-196.92487,9188.43,45255.863,1816.6395,-202.74059,9238.407,45459.16,1821.7551,-206.56523,9267.586,45574.473,1825.0521,-208.9387,9286.331,45647.93,1827.3412,-210.2988,9299.684,45700.375,1829.033,-210.98753,9307.743,45778.523,1835.0159,-211.49142,9292.897,45795.484,1841.1257,-211.56674,0.0,0.0,0.0,0.0,0.0,0.0,0.0,0.0,9274.238,45836.47,1847.8617,-212.38432,9273.804,45850.633,1847.6543,-212.39981,9273.614,45857.77,1847.687,-212.40619,9273.548,45861.406,1847.7325,-212.40854,9273.516,45863.316,1847.7576,-212.4093,9273.502,45864.35,1847.7699,-212.40956,9273.499,45864.91,1847.7756,-212.40965
5436.752,27540.912,656.66046,-9.666235,8677.039,43946.094,1042.683,-16.050083,9989.637,50579.08,1191.4867,-19.490646,10676.282,54040.836,1263.9573,-21.860064,11087.808,56110.984,1303.6807,-23.657927,11355.039,57453.21,1326.9377,-25.08116,11670.276,59037.168,1350.464,-27.167534,11833.522,59862.332,1359.6283,-28.580774,11923.051,60322.055,1362.9576,-29.543783,11973.702,60589.29,1363.7059,-30.19097,12003.267,60751.28,1363.3027,-30.614542,12021.403,60855.17,1362.4692,-30.881649,12033.355,60926.707,1361.5021,-31.042618,12056.014,61069.7,1358.3795,-31.254522,12068.622,61157.047,1355.1309,-31.275736,12075.393,61210.2,1352.3168,-31.255745,12079.005,61245.17,1350.2759,-31.247696,12080.292,61266.727,1348.9191,-31.235176,12080.369,61278.83,1348.0997,-31.214151,12080.404,61287.54,1347.717,-31.205063,12080.423,61293.137,1347.5746,-31.204208,12080.43,61295.89,1347.5403,-31.204088,12080.433,61297.363,1347.5337,-31.20364,12080.435,61298.24,1347.5322,-31.203194
-381.82016,1649.2852,22.939146,2.0784469,-585.2743,2573.2063,34.030777,3.3966205,-644.5364,2885.503,35.51306,3.8889947,-669.56104,3027.7024,34.928837,4.0307307,-682.2817,3104.685,33.9641,4.078578,-689.3934,3150.9287,33.0391,4.09858,-696.4496,3202.0186,31.623293,4.1144567,-699.33356,3227.222,30.689056,4.1192765,-700.6676,3241.36,30.078726,4.1209226,-701.3483,3250.0361,29.670666,4.121427,-701.72455,3255.726,29.390175,4.121471,-701.94666,3259.6572,29.192438,4.1213326,-702.08496,3262.489,29.049524,4.121139,-702.29877,3267.806,28.78588,4.1206417,-702.38544,3270.9333,28.637573,4.1202602,-702.4142,3272.5806,28.54605,4.120055,-702.421,3273.413,28.494184,4.119985,-702.42615,3273.9763,28.478615,4.119949,-702.4291,3274.332,28.473969,4.119932,-702.4305,3274.538,28.472416,4.1199245,-702.4311,3274.6504,28.471941,4.119922,-702.43134,3274.7136,28.47185,4.1199207,-702.43146,3274.7478,28.471827,4.1199203,-702.4316,3274.7656,28.471823,4.1199203
-0.008653072,-0.001011915,0.005197561,0.0014361312,-0.012360603,-0.001470061,0.007215902,0.0020411315,-0.012626358,-0.0015174416,0.0072238217,0.0020765807,-0.012677414,-0.0015561823,0.0072242487,0.0020765865,-0.012755594,-0.0016287742,0.007224296,0.0020766326,-0.012827417,-0.0017001205,0.007224298,0.0020767413,-0.012940968,-0.0018143957,0.0072242743,0.0020769155,0.0,0.0,0.0,0.0,0.0,0.0,0.0,0.0,0.0,0.0,0.0,0.0,0.0,0.0,0.0,0.0,0.0,0.0,0.0,0.0,0.0,0.0,0.0,0.0,0.0,0.0,0.0,0.0,0.0,0.0,0.0,0.0,0.0,0.0,0.0,0.0,0.0,0.0,0.0,0.0,0.0,0.0,0.0,0.0,0.0,0.0,0.0,0.0,0.0,0.0,0.0,0.0,0.0,0.0,0.0,0.0,0.0,0.0,0.0,0.0,0.0,0.0,0.0,0.0,0.0,0.0,0.0,0.0
4.9993894e-05,0.00020018882,-6.4264505e-06,-8.740949e-07,0.014005475,0.057216354,-0.0015158476,-5.715384e-05,0.08445511,0.3658398,-0.008763042,0.00047887606,0.20299125,0.9025391,-0.02014218,0.0020517341,0.30776167,1.3865998,-0.02927039,0.0038653063,0.374696,1.697793,-0.0344153,0.0051851748,0.4457685,2.0234067,-0.038994413,0.0066451686,0.4789974,2.1674585,-0.040537465,0.0073029315,0.4967091,2.2374704,-0.04109398,0.00760432,0.50709045,2.2738273,-0.04129089,0.0077437535,0.0,0.0,0.0,0.0,0.0,0.0,0.0,0.0,0.0,0.0,0.0,0.0,0.0,0.0,0.0,0.0,0.0,0.0,0.0,0.0,0.0,0.0,0.0,0.0,0.0,0.0,0.0,0.0,0.0,0.0,0.0,0.0,0.0,0.0,0.0,0.0,0.0,0.0,0.0,0.0,0.0,0.0,0.0,0.0,0.0,0.0,0.0,0.0,0.0,0.0,0.0,0.0,0.0,0.0,0.0,0.0
1.159992,4.794227,-0.038270555,-0.08283247,2.8055515,11.472782,-0.052512895,-0.13588372,4.1553254,17.098543,-0.048535675,-0.14146933,4.7864194,19.920942,-0.04331949,-0.1268752,5.1005588,21.36996,-0.039798226,-0.116260156,5.278344,22.18322,-0.0374355,-0.10945919,5.465192,22.98807,-0.03474298,-0.102115266,5.552663,23.309608,-0.033548884,-0.09898096,5.6013036,23.455683,-0.03309029,-0.09767747,5.6325374,23.536552,-0.032973092,-0.09716271,5.654019,23.591328,-0.03298133,-0.096955016,5.668795,23.631548,-0.033014912,-0.09685929,0.0,0.0,0.0,0.0,0.0,0.0,0.0,0.0,0.0,0.0,0.0,0.0,0.0,0.0,0.0,0.0,0.0,0.0,0.0,0.0,0.0,0.0,0.0,0.0,0.0,0.0,0.0,0.0,0.0,0.0,0.0,0.0,0.0,0.0,0.0,0.0,0.0,0.0,0.0,0.0,0.0,0.0,0.0,0.0,0.0,0.0,0.0,0.0
1.5336437,10.253391,35.0685,-0.059648514,2.3802376,16.299185,57.166527,-0.11289038,2.638252,18.628836,66.91443,-0.14448297,2.7303762,19.747654,71.73584,-0.15602663,2.767748,20.364517,74.310425,-0.16012523,2.7700577,20.738876,75.18828,-0.16104537,2.757628,21.20383,75.18032,-0.16081063,2.7611833,21.481504,75.17149,-0.16090855,2.763246,21.641846,75.16688,-0.16091615,2.764225,21.742256,75.1641,-0.16091585,2.7646816,21.809202,75.16227,-0.16091762,2.7649367,21.856031,75.16098,-0.16092029,2.76507,21.890078,75.160034,-0.16092277,2.7652426,21.960382,75.15804,-0.16092888,2.7652903,22.001476,75.1569,-0.16093308,2.7652729,22.025555,75.15627,-0.1609354,2.7652574,22.039583,75.15595,-0.16093653,2.7652564,22.047695,75.1558,-0.16093686,2.7652562,22.052385,75.15573,-0.16093689,2.7652562,22.055079,75.15571,-0.16093689,2.7652555,22.056545,75.15569,-0.1609369,2.765255,22.057291,75.15569,-0.1609369,2.765255,22.057655,75.15569,-0.16093689,2.765255,22.057817,75.15569,-0.16093689
1125.3237,5248.9795,170.43416,-11.740305,1803.1566,8370.186,248.57713,-19.067272,2081.8054,9610.023,252.45045,-22.285461,2227.018,10239.753,240.75662,-23.96152,2315.8196,10618.204,225.88637,-24.954433,2376.5386,10874.118,210.45229,-25.602919,2456.3132,11212.307,177.84587,-26.334702,2498.7783,11403.604,150.88223,-26.632877,2517.1167,11501.69,134.56976,-26.746487,2524.6995,11556.257,125.07114,-26.78376,2527.8198,11590.288,119.22556,-26.773584,2529.1711,11613.672,115.28424,-26.746637,2529.8064,11630.764,112.51433,-26.72354,2530.5393,11663.0205,107.70253,-26.690613,2530.7764,11683.227,105.182175,-26.681496,2530.9194,11695.701,103.94573,-26.678986,2531.0034,11703.266,103.390305,-26.678123,2531.0454,11707.765,103.16696,-26.677635,2531.0667,11710.372,103.08674,-26.67725,2531.0752,11711.832,103.06252,-26.67701,2531.079,11712.634,103.05685,-26.676886,2531.0808,11713.069,103.05602,-26.67682,2531.0813,11713.306,103.05612,-26.67679,2531.0813,11713.432,103.05628,-26.676773
-2513.9612,-2635.5364,969.93243,27.796572,-4021.573,-4218.33,1514.9542,49.349545,-4629.2266,-4856.1665,1697.6625,61.805157,-4932.78,-5171.3203,1776.6954,67.98204,-5106.357,-5348.2837,1816.7643,71.1803,-5214.734,-5456.444,1839.1372,72.93962,-5306.3384,-5549.0493,4186.237,76.33635,-5324.618,-5571.5347,7759.329,79.999084,-5334.6045,-5586.255,10286.99,83.15056,-5340.6357,-5597.316,12100.342,85.84659,-5344.5547,-5605.995,13422.877,87.84043,-5347.26,-5612.5083,14407.279,89.118195,-5349.2295,-5616.965,15158.488,89.866745,-5353.0107,-5621.8535,16727.98,90.783325,-5355.082,-5619.655,17811.316,90.88106,-5355.9766,-5616.199,18454.855,90.768875,-5356.298,-5614.154,18726.494,90.6508,-5356.4233,-5612.832,18802.9,90.58207,-5356.485,-5611.497,18819.564,90.55474,-5356.508,-5610.6,18822.91,90.54826,-5356.507,-5610.2974,18822.902,90.548294,0.0,0.0,0.0,0.0,0.0,0.0,0.0,0.0,0.0,0.0,0.0,0.0
0.05267273,0.21565221,5.504676,0.019736165,0.1105147,1.7903107,23.06147,0.09939848,0.1573174,3.796045,40.997814,0.16970654,0.20419137,5.4849977,46.542,0.18997094,0.2418283,6.8286877,46.42817,0.19648227,0.25600624,7.695492,46.357178,0.20014842,0.26317456,8.7888565,46.271652,0.20369196,0.26194674,9.465045,46.222218,0.20498084,0.25881043,9.942357,46.189472,0.20547757,0.25593123,10.308894,46.165752,0.20567225,0.25366896,10.607659,46.147354,0.20574091,0.2519768,10.862355,46.13238,0.20575291,0.2506448,11.086845,46.11981,0.20573746,0.2474168,11.714715,46.087734,0.20562248,0.24493861,12.420862,46.0572,0.20542175,0.24371502,13.303143,46.026154,0.20513833,0.24289101,14.455494,45.994015,0.20478095,0.24188039,15.886465,45.963867,0.2044095,0.2409591,17.462585,45.94008,0.20410633,0.23973121,18.980268,45.923622,0.20392464,0.23846067,20.243755,45.913708,0.20384493,0.23766303,21.112095,45.908936,0.20381068,0.23742709,21.586205,45.907173,0.20379727,0.23731543,21.798506,45.906647,0.2037943
10901.702,20413.781,618.4841,-22.9032,17312.406,32405.05,971.4147,-36.35014,19804.97,37050.516,1096.0416,-41.53708,21057.123,39374.004,1152.8878,-44.103058,21780.072,40709.48,1183.14,-45.557774,22231.848,41540.617,1200.8962,-46.45198,22729.713,42454.086,1219.5717,-47.42574,22946.94,42854.273,1227.5388,-47.847294,23030.49,43012.156,1230.8951,-48.00493,23055.098,43062.125,1232.1141,-48.016323,23155.596,43180.39,1235.3999,-48.023056,23246.434,43285.773,1238.2947,-47.816967,23250.697,43295.79,1238.4052,-47.42801,23259.404,43316.01,1238.0825,-46.642803,23264.217,43327.86,1237.5333,-46.315304,23266.107,43333.61,1237.2067,-46.28387,23267.322,43337.414,1236.8577,-46.269627,23273.42,43340.875,1236.5736,-46.26588,23279.922,43343.785,1236.4457,-46.264217,23280.348,43344.82,1236.3934,-46.261738,0.0,0.0,0.0,0.0,0.0,0.0,0.0,0.0,23280.814,43345.95,1236.361,-46.25864,23280.832,43345.977,1236.3617,-46.258583
1.0200737e-05,1.40448965e-05,-5.397933e-07,1.2813576e-06,0.012208322,0.01584663,-0.0009860335,0.00010393647,0.108456105,0.13411464,-0.0059199077,0.00059424166,0.36532104,0.4431723,-0.014427809,0.0017967871,0.7556077,0.90608627,-0.022618974,0.0033698073,1.1486838,1.3650807,-0.027914507,0.004584276,1.6841718,1.9695594,-0.031660374,0.0055458294,1.984573,2.2870615,-0.031745967,0.0055490304,2.1659782,2.4646454,-0.031061986,0.0052579194,2.2815425,2.5688968,-0.030342374,0.0048918743,2.3578866,2.6323562,-0.029789364,0.0045358427,2.4099247,2.6725419,-0.029408537,0.004219778,2.4464173,2.6990085,-0.029138695,0.0039524455,2.5105984,2.7423513,-0.028677247,0.003411796,0.0,0.0,0.0,0.0,2.5799143,2.7875137,-0.02855541,0.00295447,0.0,0.0,0.0,0.0,0.0,0.0,0.0,0.0,0.0,0.0,0.0,0.0,0.0,0.0,0.0,0.0,0.0,0.0,0.0,0.0,0.0,0.0,0.0,0.0,0.0,0.0,0.0,0.0,0.0,0.0,0.0,0.0
0.00024466126,0.00064900215,0.0674372,-0.00023080413,0.0003429129,0.0009870576,0.09660289,-0.00032584276,0.00034801813,0.0010785338,0.099583805,-0.00033108608,0.00046599883,0.0023536358,0.1335635,-0.00037367805,0.0,0.0,0.0,0.0,0.0,0.0,0.0,0.0,0.0,0.0,0.0,0.0,0.0,0.0,0.0,0.0,0.0,0.0,0.0,0.0,-0.03122289,0.079491906,0.32078302,-0.0005954437,0.0,0.0,0.0,0.0,0.0,0.0,0.0,0.0,0.0,0.0,0.0,0.0,0.0,0.0,0.0,0.0,0.0,0.0,0.0,0.0,-0.075584084,1.8015697,0.29590678,-0.00060763344,-0.072764374,2.9978614,0.276573,-0.0006275227,-0.069634065,4.6709647,0.2561079,-0.0006604271,-0.06676439,6.6694937,0.23792538,-0.0007071856,-0.06170033,8.70909,0.22456135,-0.00075530796,-0.05606875,10.497898,0.21589915,-0.00079323805,-0.0526834,11.813128,0.21046616,-0.0008229857,-0.049944058,12.600525,0.20755562,-0.00083970756,-0.048184704,12.97551,0.20641784,-0.00084391085
3176.815,60952.582,11654.776,-9.116634,5043.6455,97166.766,18616.646,-14.600693,5768.3965,111833.766,21492.865,-16.930817,6128.6924,119649.234,23071.576,-18.281662,6328.7153,124462.2,24081.396,-19.234085,6444.1875,127697.086,24791.36,-20.011803,6544.88,131751.55,25747.959,-21.462776,6553.5947,134112.39,26374.79,-23.068222,6517.3496,135631.7,26834.424,-25.03791,6461.7065,136689.97,27203.422,-27.393288,6404.8633,137476.3,27517.998,-29.967659,6357.145,138085.33,27789.316,-32.49652,6320.916,138566.95,28018.785,-34.74994,6255.037,139613.2,28533.514,-39.615997,6226.6816,140293.83,28864.988,-42.267532,6215.6553,140709.31,29049.713,-43.40162,6211.3535,140951.86,29140.395,-43.814133,6209.5776,141089.22,29180.016,-43.95044,6208.7637,141165.62,29195.87,-43.996933,6208.4346,141207.72,29201.662,-44.01761,6208.2964,141230.53,29203.54,-44.027412,6208.24,141242.7,29204.057,-44.03192,6208.2188,141249.06,29204.18,-44.034126,6208.211,141252.28,29204.205,-44.035057
-0.043633167,-0.2011323,-1.4175225,-0.019864181,-0.070826925,-0.33768943,-2.3366086,-0.034415662,-0.09744722,-0.5301328,-3.509673,-0.0535753,-0.1626432,-0.860513,-4.2173457,-0.06495337,-0.2505355,-1.2051082,-4.1898913,-0.06469286,-0.32650676,-1.4708657,-4.1730185,-0.064246126,-0.424651,-1.7879205,-4.157585,-0.06352914,-0.47226056,-1.9327872,-4.1528416,-0.063147105,-0.49427032,-1.9992435,-4.151247,-0.06297731,-0.5049071,-2.031735,-4.1506367,-0.062879086,-0.51057965,-2.048667,-4.1503997,-0.06276853,-0.5143379,-2.059656,-4.1502895,-0.06264897,-0.51714206,-2.068402,-4.150213,-0.06256052,-0.52172446,-2.0848565,-4.1501856,-0.062412634,-0.523708,-2.0947475,-4.1502976,-0.062346704,-0.5244306,-2.100234,-4.1504188,-0.06232056,-0.52470034,-2.103219,-4.15052,-0.0623087,0.0,0.0,0.0,0.0,0.0,0.0,0.0,0.0,0.0,0.0,0.0,0.0,0.0,0.0,0.0,0.0,0.0,0.0,0.0,0.0,0.0,0.0,0.0,0.0,0.0,0.0,0.0,0.0
0.53653246,1.1333507,19.884888,0.29743516,0.8549359,1.8583426,31.762774,0.40015376,0.0,0.0,0.0,0.0,1.0317913,2.3384879,37.045517,0.3833055,1.0544672,2.4119809,37.045406,0.38238493,1.0667511,2.4532745,37.04526,0.38188884,1.0777155,2.493059,37.045124,0.38141572,1.0813046,2.5084898,37.045097,0.3812256,1.0824722,2.5152233,37.045097,0.38113528,1.08275,2.5183628,37.045113,0.38108793,1.0826901,2.5198796,37.04513,0.38106123,1.0825075,2.5206187,37.045147,0.3810451,1.0822889,2.5209718,37.04516,0.3810349,1.0816492,2.5212922,37.045185,0.38101843,0.0,0.0,0.0,0.0,0.0,0.0,0.0,0.0,0.0,0.0,0.0,0.0,1.0801513,2.5239353,37.04517,0.38099536,1.08017,2.5252836,37.045143,0.3809951,1.0801784,2.5260928,37.04513,0.38099498,1.0801824,2.5265675,37.045124,0.38099495,1.0801842,2.5268254,37.045124,0.3809949,1.080185,2.5269518,37.04512,0.3809949,1.0801854,2.5270092,37.04512,0.3809949
-35.24961,292.67056,-8.3250265,-22.192663,-50.70073,440.63373,-18.4045,-31.211004,-52.868557,475.9221,-25.554226,-31.596329,-54.02091,488.9886,-28.425377,-31.677883,-54.652332,495.20102,-29.830896,-31.70717,-55.011524,498.64746,-30.605858,-31.71806,-55.376644,502.2518,-31.388462,-31.72689,-55.534283,503.9488,-31.730804,-31.73054,-55.612408,504.88693,-31.904842,-31.732616,-55.654915,505.46185,-32.002575,-31.733986,-55.679558,505.84058,-32.061684,-31.734945,-55.694546,506.10364,-32.099453,-31.73563,-55.70413,506.2938,-32.12456,-31.736137,-55.719757,506.66177,-32.16674,-31.737137,-55.726223,506.87537,-32.184082,-31.737732,-55.72895,506.99774,-32.190018,-31.73806,-55.730152,507.06638,-32.191727,-31.73822,-55.730675,507.10437,-32.19216,-31.73829,-55.730907,507.12537,-32.19226,-31.738316,-55.731003,507.13687,-32.19229,-31.738327,-55.73104,507.14334,-32.1923,-31.738329,-55.731064,507.14694,-32.192307,-31.73833,-55.73107,507.14896,-32.192307,-31.73833,-55.731075,507.15005,-32.192307,-31.73833
-0.052358054,6.333463,2.0214055,-0.77081674,-0.017748851,9.753601,2.788677,-1.1148623,0.052112132,10.770364,2.7640376,-1.151848,0.09140347,11.163342,2.7463393,-1.1568578,0.11071406,11.327948,2.7394798,-1.158581,0.12084297,11.402973,2.7367435,-1.1589922,0.1310534,11.467402,2.7344866,-1.1591415,0.0,0.0,0.0,0.0,0.0,0.0,0.0,0.0,0.0,0.0,0.0,0.0,0.0,0.0,0.0,0.0,0.0,0.0,0.0,0.0,0.0,0.0,0.0,0.0,0.0,0.0,0.0,0.0,0.0,0.0,0.0,0.0,0.0,0.0,0.0,0.0,0.0,0.0,0.0,0.0,0.0,0.0,0.0,0.0,0.0,0.0,0.0,0.0,0.0,0.0,0.0,0.0,0.0,0.0,0.0,0.0,0.0,0.0,0.0,0.0,0.0,0.0,0.0,0.0,0.0,0.0,0.0,0.0
2869.4558,31145.186,1345.383,15.636097,4615.578,50191.086,2176.0696,25.483402,5349.9443,58341.797,2543.553,30.105465,5730.326,62680.527,2749.117,33.04273,5950.66,65289.785,2880.9224,35.41946,6086.292,66974.586,2972.7922,37.559933,6231.7344,68921.016,3092.475,41.482246,6296.5283,69881.305,3164.3467,44.598976,6332.244,70378.586,3209.9326,45.505463,6362.048,70653.69,3239.8623,43.647034,6331.99,70866.195,3399.956,42.153885,6262.1562,71056.89,3642.895,41.767548,6215.831,71202.17,3817.9426,41.040283,6134.873,71507.16,4148.99,38.85135,6100.183,71692.97,4313.5806,37.158737,6085.862,71802.555,4393.5815,36.158005,6080.337,71863.93,4429.803,35.679054,6078.323,71895.55,4443.4243,35.47651,6077.5747,71911.49,4447.7515,35.377235,6077.318,71919.9,4448.961,35.337227,6077.2095,71924.29,4449.2524,35.322464,6077.1655,71926.6,4449.32,35.31755,6077.1504,71927.81,4449.34,35.31598,6077.144,71928.43,4449.347,35.31553
-1.5168084,1.3887342,143.32693,4.2676954,-2.2704198,2.1087132,218.05818,6.2751784,-2.2879813,2.6094081,231.70186,6.530239,-2.1663797,3.0613732,231.68796,6.5330687,-2.1113107,3.270856,231.68318,6.534885,-2.082907,3.381471,231.68135,6.5359855,0.0,0.0,0.0,0.0,0.0,0.0,0.0,0.0,0.0,0.0,0.0,0.0,0.0,0.0,0.0,0.0,0.0,0.0,0.0,0.0,0.0,0.0,0.0,0.0,0.0,0.0,0.0,0.0,0.0,0.0,0.0,0.0,0.0,0.0,0.0,0.0,0.0,0.0,0.0,0.0,0.0,0.0,0.0,0.0,0.0,0.0,0.0,0.0,0.0,0.0,0.0,0.0,0.0,0.0,0.0,0.0,0.0,0.0,0.0,0.0,0.0,0.0,0.0,0.0,0.0,0.0,0.0,0.0,0.0,0.0,0.0,0.0
-0.015605107,0.08554475,0.053913575,0.04133384,0.012692051,0.59275776,0.024470337,0.060209036,0.14280382,1.9425709,-0.07158231,0.061817344,0.32639933,3.631075,-0.16833729,0.056848977,0.47246653,4.864114,-0.23138274,0.050882936,0.56376636,5.5802946,-0.26138428,0.048304398,0.6537727,6.301743,-0.28503728,0.046552368,0.6860451,6.592766,-0.29043922,0.046016227,0.69670165,6.716358,-0.2906196,0.045758966,0.622665,6.769899,-0.29414836,0.045641065,0.500949,6.8001943,-0.30093786,0.045613997,0.41601178,6.8249774,-0.30639446,0.045597676,0.35579517,6.84599,-0.31078598,0.045584295,0.25201944,6.8982015,-0.31993917,0.045555513,0.20802853,6.941911,-0.3252076,0.04553459,0.0,0.0,0.0,0.0,0.0,0.0,0.0,0.0,0.16618937,7.023819,-0.33161306,0.04550429,0.16607814,7.035486,-0.3320543,0.045506448,0.16598587,7.041972,-0.33222777,0.045507252,0.16595793,7.0446267,-0.3322583,0.045507476,0.16594034,7.046056,-0.33226722,0.045507606,0.1659337,7.046706,-0.33226928,0.04550765,0.16593122,7.0470037,-0.33226967,0.045507666
-7.242168e-06,0.0042431103,-1.7450238e-05,4.00776e-05,3.5622215e-06,0.006587571,-2.1524218e-05,5.123979e-05,0.000979724,0.016588531,-3.0720028e-05,3.2755634e-05,0.0044668713,0.05188686,-0.00048499802,4.9584884e-05,0.011706088,0.12364493,-0.0017842343,0.00015674351,0.0200176,0.20220913,-0.0031817576,0.00028777722,0.031386137,0.30035725,-0.0045009777,0.0004548901,0.025555015,0.33727562,-0.004862748,0.00051700085,0.01302525,0.34562787,-0.0049247164,0.0005024502,0.007062368,0.3489534,-0.004889854,0.00048061754,0.003053464,0.3500107,-0.0048632724,0.0004761712,-0.00013867766,0.35052812,-0.0048387684,0.00047647953,-0.002609191,0.35083395,-0.004819427,0.00047818525,-0.0076041804,0.35140178,-0.00478117,0.00048272585,-0.010573721,0.35182667,-0.0047595166,0.0004850532,-0.012225093,0.3522774,-0.004747746,0.00048565335,-0.013145936,0.35275376,-0.0047412426,0.00048569584,0.0,0.0,0.0,0.0,0.0,0.0,0.0,0.0,0.0,0.0,0.0,0.0,0.0,0.0,0.0,0.0,0.0,0.0,0.0,0.0,0.0,0.0,0.0,0.0,0.0,0.0,0.0,0.0
4.0174136,13.641109,1.4181229,-1.0830816,14.652375,48.24992,3.5277026,-2.4226153,26.59487,86.92996,5.3676605,-3.398961,33.80441,110.486946,6.304785,-3.7804472,37.666042,123.28888,6.778531,-3.9348934,39.81762,130.52026,7.029518,-4.0054955,41.862225,137.502,7.2363634,-4.0619082,42.61924,140.17197,7.275478,-4.0752907,42.939636,141.37305,7.2616034,-4.0743523,43.097324,142.02408,7.234342,-4.06913,43.177635,142.38907,7.205732,-4.064067,43.507664,142.87614,7.184479,-4.0601807,44.013332,143.4703,7.172718,-4.0576706,0.0,0.0,0.0,0.0,0.0,0.0,0.0,0.0,0.0,0.0,0.0,0.0,0.0,0.0,0.0,0.0,0.0,0.0,0.0,0.0,0.0,0.0,0.0,0.0,0.0,0.0,0.0,0.0,0.0,0.0,0.0,0.0,0.0,0.0,0.0,0.0,0.0,0.0,0.0,0.0,0.0,0.0,0.0,0.0
934.1658,5209.9624,105.93766,-13.727927,1463.6763,8128.9736,149.63792,-21.314522,1651.0538,9125.746,146.82515,-23.72556,1741.5208,9594.366,137.75385,-24.710926,1793.5535,9858.557,128.51877,-25.169989,1826.9269,10025.207,120.054016,-25.396364,1868.7776,10228.424,103.751976,-25.556067,1898.5269,10366.188,83.679565,-25.517233,1920.0507,10463.536,65.13687,-25.418093,1931.8954,10516.993,54.004974,-25.34216,1938.2837,10546.522,47.796535,-25.29601,1940.2563,10568.623,43.020527,-25.248543,1939.8999,10588.196,38.710133,-25.205242,1939.0917,10625.2295,31.262264,-25.159416,1938.5854,10646.163,27.850386,-25.152628,1938.3756,10657.783,26.424137,-25.152063,1938.3187,10664.224,25.856758,-25.152462,1938.3083,10667.807,25.641966,-25.1528,1938.3085,10669.802,25.566412,-25.152927,1938.3098,10670.901,25.541817,-25.152943,1938.3105,10671.502,25.534288,-25.152912,1938.3112,10671.822,25.53219,-25.152859,1938.3114,10671.99,25.531666,-25.152815,1938.3116,10672.074,25.531548,-25.152786
0.0006333959,0.0036725164,-0.00010089165,-9.795822e-05,0.024937926,0.1250845,-0.008287276,-0.0013130489,0.15172526,0.7223631,-0.046669245,-0.006653584,0.431225,1.9961569,-0.121173844,-0.016720241,0.7958694,3.6292338,-0.2075203,-0.027852401,1.1072092,5.0179133,-0.27471918,-0.035988502,1.4543458,6.5832047,-0.34280613,-0.043553516,1.607073,7.298047,-0.3691994,-0.046187088,1.6782804,7.6540146,-0.3802963,-0.04732266,1.7124228,7.8436713,-0.38513523,-0.047941886,1.7284545,7.9494743,-0.3872068,-0.048326503,1.7348162,8.00777,-0.38791102,-0.048550162,0.0,0.0,0.0,0.0,0.0,0.0,0.0,0.0,0.0,0.0,0.0,0.0,0.0,0.0,0.0,0.0,0.0,0.0,0.0,0.0,0.0,0.0,0.0,0.0,0.0,0.0,0.0,0.0,1.7701598,8.518418,-0.3907082,-0.05040761,1.7700847,8.5242815,-0.3907374,-0.050408207,1.7700427,8.527338,-0.39074302,-0.050408524,1.7700231,8.52885,-0.39074317,-0.05040871,1.7700162,8.529581,-0.39074272,-0.050408803
11562.104,41943.027,1365.5109,-69.32398,19244.818,69698.61,2215.93,-115.90175,23105.16,83491.13,2566.8748,-139.85303,25310.67,91265.27,2715.0044,-153.7167,26710.023,96130.23,2775.694,-162.49916,27663.338,99401.61,2795.9902,-168.39224,28861.752,103453.01,2791.155,-175.5081,29549.55,105737.016,2766.5305,-179.25876,29969.469,107116.55,2741.0383,-181.30019,30225.643,107955.66,2720.76,-182.40181,30369.557,108429.34,2708.2727,-182.96658,30441.117,108668.07,2702.7551,-183.22173,30560.008,109061.15,2667.9868,-181.82152,30962.477,110447.16,2524.6948,-176.32509,31120.809,111115.38,2462.68,-174.94197,31177.291,111449.16,2439.498,-174.60002,31196.725,111618.08,2432.568,-174.56413,31203.879,111703.76,2431.0945,-174.59827,31206.68,111746.79,2430.9226,-174.62534,31207.865,111768.13,2430.921,-174.63513,31208.314,111778.375,2430.9194,-174.63692,31208.477,111783.4,2430.9172,-174.63678,31208.537,111786.02,2430.9155,-174.63635,31208.56,111787.43,2430.9146,-174.63608
0.0017864853,0.010637498,0.00836402,0.00023858884,0.00463094,0.03029264,0.01036991,0.00017362603,0.011464256,0.08765771,0.006032924,-0.0001354934,0.024514657,0.21298854,-0.003532301,-4.50707e-05,0.039021797,0.3762153,-0.014819829,0.0003958861,0.0505834,0.5386267,-0.024241466,0.0007889465,0.05983264,0.7588806,-0.033361856,0.001275436,,,,,,,,,,,,,,,,,,,,,,,,,,,,,,,,,,,,,,,,,,,,,,,,,,,,,,,,,,,,,,,,,,,,
-0.028018173,0.13698861,0.06599121,-0.05495547,-0.055735223,0.5766054,0.10804314,-0.124178186,-0.07876217,1.3257098,0.1442761,-0.20665258,-0.106503315,2.392189,0.22328497,-0.2952351,-0.15233552,3.7143507,0.33190227,-0.38446894,-0.20907602,4.8691936,0.42335704,-0.4568936,-0.31911936,6.1962104,0.5316788,-0.54055595,-0.41537285,6.797308,0.584535,-0.58102477,-0.48940986,7.0798225,0.61091024,-0.60102797,-0.543834,7.2287073,0.624953,-0.6119781,-0.5870651,7.321044,0.63380086,-0.61900073,-0.62232506,7.3826675,0.6395703,-0.6234116,-0.651644,7.4274106,0.64348555,-0.626209,-0.7158431,7.509215,0.6500257,-0.6303673,-0.769967,7.5538154,0.65419924,-0.632224,0.0,0.0,0.0,0.0,0.0,0.0,0.0,0.0,0.0,0.0,0.0,0.0,0.0,0.0,0.0,0.0,0.0,0.0,0.0,0.0,0.0,0.0,0.0,0.0,0.0,0.0,0.0,0.0,0.0,0.0,0.0,0.0,0.0,0.0,0.0,0.0
9.690301,85.38952,79.21906,0.6708826,15.575532,133.92508,128.93037,1.041669,,,,,,,,,,,,,,,,,,,,,,,,,,,,,,,,,,,,,,,,,,,,,,,,,,,,,,,,,,,,,,,,,,,,,,,,,,,,,,,,,,,,,,,,
1882.067,14554.406,418.1026,-18.321905,3111.7004,24085.348,683.8832,-29.795887,3710.4001,28759.451,802.36096,-34.667343,4046.0586,31410.254,859.95105,-36.84893,4254.59,33084.082,889.1873,-37.822968,4393.127,34220.207,903.91583,-38.220726,4560.445,35647.33,914.05804,-38.359394,4650.579,36475.32,913.4154,-38.21091,4702.7993,37001.875,909.6276,-38.037277,4734.546,37358.848,905.224,-37.896797,4754.533,37612.633,901.1198,-37.793747,4767.464,37799.875,897.5337,-37.72086,4776.016,37942.195,894.411,-37.669968,4789.977,38236.484,886.9606,-37.582207,4795.316,38427.164,881.20166,-37.5454,4797.146,38546.688,877.1063,-37.535645,4797.847,38615.266,874.6491,-37.539097,4798.1665,38651.195,873.62537,-37.542408,4798.3228,38670.266,873.34375,-37.54168,4798.3906,38680.426,873.2887,-37.540924,4798.4224,38685.84,873.2851,-37.540447,4798.436,38688.72,873.288,-37.540207,4798.443,38690.234,873.28973,-37.540092,4798.446,38691.02,873.2904,-37.54004
0.0,0.0,0.0,0.0,0.0,0.0,0.0,0.0,0.0,0.0,0.0,0.0,0.00013506369,0.00037125574,-4.693957e-06,1.778071e-06,0.00031252162,0.00081069797,-8.736362e-06,2.6833006e-06,0.00076997286,0.0018904238,-1.6133388e-05,4.4338217e-06,0.002874923,0.0065433434,-3.050856e-05,1.4031794e-05,0.0056525692,0.012502468,-3.7322367e-05,2.9163673e-05,0.008203525,0.01787058,-3.6827507e-05,4.486822e-05,0.010431344,0.022493407,-3.37348e-05,5.93174e-05,0.012310667,0.026341861,-3.0404155e-05,7.191083e-05,0.01385723,0.029468814,-2.7510576e-05,8.246893e-05,0.015100402,0.031957448,-2.4926261e-05,9.108127e-05,0.0,0.0,0.0,0.0,0.0,0.0,0.0,0.0,0.0,0.0,0.0,0.0,0.0,0.0,0.0,0.0,0.0,0.0,0.0,0.0,0.0,0.0,0.0,0.0,0.0,0.0,0.0,0.0,0.0,0.0,0.0,0.0,0.0,0.0,0.0,0.0,0.0,0.0,0.0,0.0,0.0,0.0,0.0,0.0
0.0,0.0,0.0,0.0,0.0021506904,0.0052985586,-3.3715052e-05,1.8781271e-05,0.011313289,0.027330097,-0.00038914432,1.8610739e-05,0.04146801,0.09895314,-0.0018306691,-0.00016350405,0.105258055,0.24904135,-0.0050162575,-0.000552358,0.19010766,0.4463946,-0.009009242,-0.00088970084,0.3189225,0.7394588,-0.014164272,-0.0011685393,0.38677227,0.88812244,-0.016134111,-0.001220376,0.42347348,0.96551436,-0.016882831,-0.0012126032,0.44467917,1.0086496,-0.017176906,-0.0011938162,0.0,0.0,0.0,0.0,0.0,0.0,0.0,0.0,0.0,0.0,0.0,0.0,0.0,0.0,0.0,0.0,0.0,0.0,0.0,0.0,0.0,0.0,0.0,0.0,0.0,0.0,0.0,0.0,0.0,0.0,0.0,0.0,0.0,0.0,0.0,0.0,0.0,0.0,0.0,0.0,0.0,0.0,0.0,0.0,0.6786978,1.4767674,-0.019632503,-0.0009225962,0.67869925,1.4770283,-0.019632677,-0.00092259736,0.6786999,1.477139,-0.019632673,-0.0009225978
6038.765,27445.834,169.70798,-66.22673,9309.594,42280.992,254.25139,-102.67562,,,,,,,,,,,,,,,,,,,,,,,,,,,,,,,,,,,,,,,,,,,,,,,,,,,,,,,,,,,,,,,,,,,,,,,,,,,,,,,,,,,,,,,,
-4.5931918e-07,-1.8434675e-06,-2.131549e-06,-4.8390888e-08,-0.48675084,-9.10624,-1.039502,0.05036802,-1.5782119,-25.721842,-3.5603545,0.088616304,-2.6947968,-40.052105,-6.3955145,0.082060434,-3.4817934,-49.261623,-8.699981,0.08475054,-4.012335,-55.36034,-10.492403,0.10467018,-4.6044455,-62.43755,-12.607781,0.13315885,-4.8734107,-65.92715,-13.4060545,0.14308098,-5.0056114,-67.807686,-13.637524,0.14534591,-5.075704,-68.94046,-13.7235985,0.14622138,-5.114368,-69.67311,-13.764114,0.14667463,-5.136027,-70.17061,-13.785775,0.14693473,-5.1487827,-70.52194,-13.798515,0.14709851,-5.1688643,-71.18093,-13.8180275,0.1473769,-5.175438,-71.53058,-13.825131,0.14750168,0.0,0.0,0.0,0.0,-5.178808,-71.98445,-13.831527,0.14758572,-5.1796355,-72.14725,-13.833168,0.14758924,-5.180147,-72.23628,-13.833414,0.14758518,-5.180506,-72.29206,-13.833247,0.14757948,-5.1807065,-72.32094,-13.833214,0.14757839,-5.180814,-72.335526,-13.833218,0.14757887,-5.180868,-72.34297,-13.833217,0.14757906,0.0,0.0,0.0,0.0
1.8436964,10.055785,88.91795,-0.04809573,2.5553248,15.020529,125.88428,-0.067484416,2.2865398,17.41473,127.6451,-0.07421613,1.8166064,19.461832,127.551605,-0.08164877,1.3736241,20.49544,127.5252,-0.085151,1.1228955,21.983461,127.44775,-0.08636857,0.92957973,25.647366,127.22232,-0.08644889,0.7510419,28.544329,127.06282,-0.086528316,0.5945741,31.094421,126.938515,-0.08658642,0.4571794,33.460754,126.83612,-0.086625636,0.3333703,35.711605,126.748405,-0.08665221,0.22147483,37.878963,126.67184,-0.086671,0.120943606,39.981293,126.60476,-0.086684525,-0.13805434,46.400757,126.43797,-0.08670337,-0.36882123,54.180862,126.29658,-0.086701006,-0.5696343,63.191975,126.19259,-0.08668378,-0.75221086,72.81567,126.13069,-0.08665925,-0.89300644,82.16433,126.10341,-0.086633414,-0.9821765,90.352394,126.09574,-0.08661046,-1.0378691,96.69901,126.09547,-0.08659732,-1.068696,100.94214,126.09656,-0.08659266,-1.0820394,103.296906,126.09735,-0.08659261,-1.0866225,104.36137,126.097694,-0.086593375,-1.0878326,104.77272,126.09783,-0.08659382
2.8580835,49.701675,-1.514343,0.8408981,4.9659414,83.38244,-2.637501,1.3022175,6.1071362,99.005714,-3.299711,1.4403087,6.942469,111.23153,-5.097,1.486978,7.5338545,121.90526,-7.1684513,1.5018998,7.737754,127.545815,-8.189923,1.5061619,7.758647,132.73094,-9.015671,1.5077683,7.618329,134.54454,-9.2038965,1.5072528,7.465348,135.20358,-9.209459,1.5066868,7.3392067,135.44774,-9.171939,1.5063227,7.24465,135.54646,-9.134391,1.5061387,7.17585,135.59586,-9.106757,1.5060798,7.118652,135.66751,-9.093366,1.5061017,6.9835887,136.11305,-9.111304,1.506242,6.9013147,136.61917,-9.151478,1.5063059,6.868117,136.91449,-9.1720705,1.5062879,6.8552203,137.07764,-9.182752,1.5062555,6.8508854,137.173,-9.189657,1.5061802,6.849468,137.23425,-9.194118,1.5061167,6.8487906,137.27359,-9.195757,1.5061045,6.8484693,137.29584,-9.196285,1.5060997,6.8483496,137.30655,-9.196429,1.5060983,6.8482933,137.31236,-9.1964655,1.5060976,6.848273,137.31511,-9.196475,1.5060973
0.0011030141,0.001819499,0.047437306,0.0005899066,0.0016387315,0.0027192275,0.07013792,0.0008387323,0.0017484244,0.0029203943,0.07449981,0.00085254596,0.0017888934,0.00300155,0.076165736,0.0008504346,0.0,0.0,0.0,0.0,0.0,0.0,0.0,0.0,0.0,0.0,0.0,0.0,0.0,0.0,0.0,0.0,0.0,0.0,0.0,0.0,0.0,0.0,0.0,0.0,0.0,0.0,0.0,0.0,0.0,0.0,0.0,0.0,0.0,0.0,0.0,0.0,0.0,0.0,0.0,0.0,0.0,0.0,0.0,0.0,0.0,0.0,0.0,0.0,0.0,0.0,0.0,0.0,0.0,0.0,0.0,0.0,0.0,0.0,0.0,0.0,0.0,0.0,0.0,0.0,0.0,0.0,0.0,0.0,0.0,0.0,0.0,0.0,0.0,0.0,0.0,0.0,0.0,0.0,0.0,0.0
-27.382595,-22.329361,6.1530023,-0.98253244,-40.142544,-29.788307,8.645454,-0.9284215,-42.48628,-28.643421,8.923504,-0.5312375,-43.522038,-28.234852,9.1696415,-0.43171012,-44.07692,-28.029121,9.286031,-0.39730167,-44.410145,-27.921719,9.342486,-0.38032222,-44.79052,-27.834955,9.39263,-0.363371,-44.99453,-27.819157,9.411526,-0.35585392,-45.1217,-27.825676,9.4206085,-0.35196233,-45.208725,-27.838512,9.425692,-0.34967852,-45.306053,-27.888319,11.924753,-0.34615374,-45.40265,-27.94903,16.54042,-0.34179986,-45.464108,-27.975845,20.716679,-0.33870244,-45.55519,-27.98188,29.603209,-0.33277452,-45.588913,-27.962482,34.869583,-0.32867467,-45.600487,-27.956108,36.831192,-0.32642245,-45.60425,-27.945927,37.20304,-0.32582462,-45.604782,-27.932312,37.202484,-0.32582426,-45.604843,-27.924358,37.202232,-0.32582426,-45.604897,-27.918514,37.2021,-0.32582402,-45.604908,-27.91481,37.202026,-0.32582378,-45.60492,-27.912659,37.202003,-0.32582378,-45.604923,-27.91135,37.201992,-0.32582378,-45.604927,-27.910637,37.20199,-0.32582355
1935.2653,11962.079,805.2618,25.501463,2977.5972,18405.047,1232.9193,36.78845,3304.1836,20424.715,1358.5513,37.1535,3461.637,21399.984,1413.788,35.6838,3552.8796,21966.887,1442.167,34.00939,3611.4902,22332.854,1457.8629,32.548622,3681.4375,22774.584,1472.4155,30.496548,3719.432,23020.91,1476.854,29.297451,3742.0603,23173.805,1477.4467,28.615753,3756.2805,23275.748,1476.4937,28.228075,3765.508,23347.373,1474.936,28.007904,3771.6023,23399.781,1473.1837,27.88432,3775.6538,23439.396,1471.4512,27.816696,3782.3164,23525.787,1466.4778,27.745699,3784.1738,23577.201,1462.66,27.764658,3784.5525,23605.537,1460.678,27.784105,3784.644,23620.447,1459.9126,27.791788,3784.679,23628.125,1459.6827,27.794174,3784.6985,23632.018,1459.6383,27.794628,3784.7063,23633.986,1459.6375,27.794582,3784.7097,23634.986,1459.6416,27.794521,3784.7114,23635.492,1459.6438,27.794521,3784.7117,23635.746,1459.6445,27.794537,3784.7122,23635.871,1459.6448,27.794537
-0.044535883,1.1188713,3.008323,0.022520049,-0.05393806,1.7976143,5.1336737,0.055452146,-0.04107339,2.0784357,6.2698903,0.08737098,0.0,0.0,0.0,0.0,0.0,0.0,0.0,0.0,0.0,0.0,0.0,0.0,0.0,0.0,0.0,0.0,0.0,0.0,0.0,0.0,0.0,0.0,0.0,0.0,0.0,0.0,0.0,0.0,-0.0029525831,2.711009,8.826888,0.17062783,-0.003516132,2.716696,8.825977,0.17064156,-0.0039462354,2.720849,8.825355,0.17064753,-0.004793102,2.7290177,8.824246,0.17065175,-0.005248856,2.7337358,8.823736,0.1706498,-0.0054600257,2.7363763,8.823527,0.17064784,-0.0055431165,2.7378156,8.823444,0.17064661,-0.0055799596,2.738589,8.823405,0.17064622,-0.0055956617,2.7390168,8.823383,0.17064616,-0.005602667,2.7392538,8.823373,0.17064612,-0.005605623,2.7393816,8.823367,0.1706461,-0.0056069605,2.7394476,8.823365,0.17064609,0.0,0.0,0.0,0.0,0.0,0.0,0.0,0.0
0.0,0.0,0.0,0.0,0.0004005065,0.0017492274,-3.157192e-07,6.476462e-07,0.00063169474,0.0025567103,4.919496e-06,1.912542e-06,0.00086990674,0.0032249333,1.31848155e-05,3.366134e-06,0.0010872656,0.0037612207,2.0299705e-05,3.156923e-06,0.0012752416,0.0041795378,2.6508696e-05,2.1303294e-06,0.0015497047,0.0047337073,3.5447643e-05,1.119804e-06,0.0,0.0,0.0,0.0,0.0,0.0,0.0,0.0,0.0,0.0,0.0,0.0,0.0,0.0,0.0,0.0,0.0,0.0,0.0,0.0,0.0,0.0,0.0,0.0,0.0,0.0,0.0,0.0,0.0,0.0,0.0,0.0,0.0,0.0,0.0,0.0,0.0,0.0,0.0,0.0,0.0,0.0,0.0,0.0,0.0,0.0,0.0,0.0,0.0,0.0,0.0,0.0,0.0,0.0,0.0,0.0,0.0,0.0,0.0,0.0,0.0,0.0,0.0,0.0,0.0,0.0,0.0,0.0
4862.21,10238.417,304.13312,2.8565054,7914.274,16612.568,484.44324,5.5935297,9284.822,19409.484,555.02234,7.9761667,10016.003,20863.34,590.3681,9.947152,10446.324,21695.84,611.9876,11.599323,10712.509,22196.37,627.1974,12.979579,10993.733,22707.46,648.08325,14.954571,11110.936,22910.71,661.4648,16.087553,11163.579,22999.525,670.2059,16.622353,11191.477,23046.139,676.07294,16.844765,11208.963,23075.367,680.1877,16.955902,11220.96,23095.602,683.16095,17.017893,11229.589,23110.309,685.34973,17.06425,11245.134,23136.893,689.5091,17.139652,0.0,0.0,0.0,0.0,0.0,0.0,0.0,0.0,0.0,0.0,0.0,0.0,0.0,0.0,0.0,0.0,0.0,0.0,0.0,0.0,0.0,0.0,0.0,0.0,0.0,0.0,0.0,0.0,0.0,0.0,0.0,0.0,0.0,0.0,0.0,0.0,0.0,0.0,0.0,0.0
0.0,0.0,0.0,0.0,0.0,0.0,0.0,0.0,0.0,0.0,0.0,0.0,0.0,0.0,0.0,0.0,0.0,0.0,0.0,0.0,0.0,0.0,0.0,0.0,0.0,0.0,0.0,0.0,0.0,0.0,0.0,0.0,2.3506067e-05,0.0002665457,-4.585451e-07,-5.9194267e-06,0.0,0.0,0.0,0.0,0.0,0.0,0.0,0.0,0.0,0.0,0.0,0.0,0.0,0.0,0.0,0.0,0.0,0.0,0.0,0.0,0.0,0.0,0.0,0.0,0.0,0.0,0.0,0.0,0.0,0.0,0.0,0.0,0.0,0.0,0.0,0.0,0.0,0.0,0.0,0.0,0.0,0.0,0.0,0.0,0.0,0.0,0.0,0.0,0.0,0.0,0.0,0.0,0.0,0.0,0.0,0.0,0.0,0.0,0.0,0.0
4968.3486,28187.172,2027.6205,-261.39658,7730.2773,43748.914,3025.6064,-433.4016,8636.53,48739.062,3214.3955,-517.51086,9034.57,50887.902,3245.671,-563.9792,9241.981,51991.242,3240.067,-592.6416,9359.822,52612.223,3225.9688,-611.8258,9471.934,53202.203,3200.4287,-635.25244,9507.576,53392.55,3184.9763,-647.3547,9566.221,53624.02,3134.7566,-660.4212,9639.765,53898.586,3072.7224,-672.43646,9680.896,54053.69,3042.1624,-677.6174,9705.347,54147.91,3025.9358,-680.0517,9720.461,54208.258,3016.8604,-681.2776,9744.495,54314.676,3004.194,-682.94604,9750.052,54355.113,3002.2727,-683.2963,9749.926,54371.125,3002.3206,-683.3744,9749.342,54385.082,3001.5305,-683.3949,9749.096,54399.47,3000.1707,-683.393,9748.863,54407.668,2999.5876,-683.3937,9748.757,54412.176,2999.3528,-683.3943,9748.721,54414.58,2999.2634,-683.39453,9748.708,54415.812,2999.2332,-683.39465,9748.703,54416.426,2999.2239,-683.39465,9748.703,54416.71,2999.221,-683.39465
3.5176396e-07,1.955679e-06,-2.4838295e-08,-8.439335e-08,0.0,0.0,0.0,0.0,0.0,0.0,0.0,0.0,0.0,0.0,0.0,0.0,0.0,0.0,0.0,0.0,0.0,0.0,0.0,0.0,0.0,0.0,0.0,0.0,0.0,0.0,0.0,0.0,0.0,0.0,0.0,0.0,0.0,0.0,0.0,0.0,0.0,0.0,0.0,0.0,0.0,0.0,0.0,0.0,0.0,0.0,0.0,0.0,0.0,0.0,0.0,0.0,0.0,0.0,0.0,0.0,0.0,0.0,0.0,0.0,0.0,0.0,0.0,0.0,0.0,0.0,0.0,0.0,0.0,0.0,0.0,0.0,0.0,0.0,0.0,0.0,0.0,0.0,0.0,0.0,0.0,0.0,0.0,0.0,0.0,0.0,0.0,0.0,0.0,0.0,0.0,0.0
0.0,0.0,0.0,0.0,0.786031,2.9851,-0.62181026,0.005435058,1.4666259,5.539479,-1.0460048,0.0087790415,2.3149402,8.715058,-1.4966437,0.013986909,2.9372392,11.068853,-1.8009883,0.019894585,3.3005886,12.490174,-1.9741423,0.024655946,3.650888,14.008526,-2.1494207,0.030540135,3.7614923,14.686057,-2.221298,0.033340972,3.7773957,15.009556,-2.2523096,0.03451667,3.7582083,15.173768,-2.2661583,0.03493326,3.7285566,15.264425,-2.2727835,0.035053857,0.0,0.0,0.0,0.0,0.0,0.0,0.0,0.0,3.6646392,15.522126,-2.2969995,0.035200246,3.667459,15.633218,-2.3106945,0.03525823,3.6688013,15.703151,-2.318348,0.035324067,3.669455,15.7484665,-2.3224814,0.035358172,3.669747,15.777801,-2.324486,0.035337366,3.669886,15.795441,-2.3253574,0.03532573,3.6699593,15.805656,-2.325703,0.035322785,3.6699967,15.811174,-2.3258154,0.035320874,3.6700156,15.814038,-2.325848,0.035319954,3.6700246,15.815457,-2.3258567,0.03531958,3.670029,15.816134,-2.3258584,0.03531945
444.85864,2556.6003,155.99078,-32.708096,677.7347,3884.6843,231.26518,-48.318016,742.8241,4244.296,246.42622,-51.209618,770.804,4394.244,252.01425,-52.146988,785.1879,4468.8906,254.6349,-52.54703,793.3327,4509.679,256.03183,-52.746986,801.5823,4548.9917,257.33377,-52.92394,805.13666,4564.561,257.7606,-52.973843,806.86926,4571.7163,257.8516,-52.98214,807.6946,4575.0527,257.78113,-52.99044,808.2515,4577.1567,257.61832,-53.01229,808.7954,4579.123,257.45996,-53.03386,809.228,4580.6777,257.3445,-53.046074,0.0,0.0,0.0,0.0,0.0,0.0,0.0,0.0,0.0,0.0,0.0,0.0,0.0,0.0,0.0,0.0,0.0,0.0,0.0,0.0,0.0,0.0,0.0,0.0,0.0,0.0,0.0,0.0,0.0,0.0,0.0,0.0,0.0,0.0,0.0,0.0,0.0,0.0,0.0,0.0,0.0,0.0,0.0,0.0
0.0,0.0,0.0,0.0,2.382605e-05,0.00021715867,-3.478132e-05,2.6046482e-06,0.00057812064,0.0020755993,-0.00018168103,2.2103444e-05,0.004409124,0.012453542,-0.0006945471,0.00010906243,0.017490465,0.044374608,-0.0017269524,0.00033287783,0.046355333,0.11045346,-0.0031562378,0.0007432014,0.13506003,0.29911336,-0.0055282456,0.001731,0.22101907,0.4689705,-0.0066044913,0.0024439166,0.2857165,0.58601314,-0.0068498426,0.0028164424,0.3357314,0.6683152,-0.0068128733,0.0030259525,0.37529495,0.72716653,-0.006707042,0.0031526806,0.40738267,0.7698022,-0.0066227117,0.0032342053,0.43405193,0.8010457,-0.0065893666,0.0032899182,0.48882034,0.8560785,-0.0066945925,0.0033692843,0.5251732,0.88904876,-0.006977737,0.003376947,0.5446964,0.90655273,-0.00716069,0.003365094,0.5555909,0.91640764,-0.007273275,0.003363354,0.0,0.0,0.0,0.0,0.0,0.0,0.0,0.0,0.0,0.0,0.0,0.0,0.0,0.0,0.0,0.0,0.0,0.0,0.0,0.0,0.0,0.0,0.0,0.0,0.0,0.0,0.0,0.0
908.20135,13045.016,378.8082,5.786935,1420.7131,20392.6,579.9824,9.372682,1599.6923,22941.902,634.40247,11.003753,1684.421,24141.264,651.6663,11.9524145,1731.1509,24799.607,656.57007,12.563407,1759.3779,25195.768,656.94617,12.980513,1790.165,25624.875,654.33606,13.494701,1804.6772,25822.47,651.3899,13.77426,1812.2761,25921.164,649.34735,13.933015,1816.6373,25974.02,648.0631,14.024965,1819.402,26004.76,647.27985,14.078256,1821.3052,26024.363,646.8026,14.10865,1822.702,26037.916,646.5037,14.126321,1825.8716,26064.28,645.9391,14.166019,1825.6499,26101.883,638.543,14.18832,1823.0813,26146.014,627.8634,14.190495,1822.06,26168.756,623.73145,14.192909,1821.6765,26180.807,622.2274,14.194148,1821.5361,26187.297,621.73,14.194176,1821.4801,26190.67,621.58203,14.194096,1821.4617,26192.39,621.54236,14.194025,1821.4529,26193.273,621.5334,14.19399,1821.4495,26193.72,621.5316,14.193974,1821.4482,26193.95,621.5313,14.193969
-0.0023392427,0.011910071,-0.0029125279,-2.890802e-05,-0.0030435645,0.017053517,0.05935633,0.0010596574,-0.0023045517,0.020009141,0.31223813,0.0040950035,-0.0014841908,0.024671255,0.61849916,0.0067644143,,,,,,,,,,,,,,,,,,,,,,,,,,,,,,,,,,,,,,,,,,,,,,,,,,,,,,,,,,,,,,,,,,,,,,,,,,,,,,,,
0.22909278,0.35811734,-0.017171249,-0.0038091694,0.9547435,1.6147478,-0.07133386,-0.016607,2.6090324,4.5774093,-0.17785832,-0.041869193,5.08644,9.068518,-0.31214303,-0.07094513,7.563659,13.568735,-0.4269796,-0.09151845,9.315854,16.735426,-0.4964755,-0.1007256,11.1617775,19.997272,-0.55558515,-0.10514562,12.020928,21.431513,-0.574243,-0.1048012,12.468939,22.125092,-0.5803582,-0.10407488,12.7141695,22.470516,-0.58214426,-0.1035695,12.850456,22.636013,-0.5824123,-0.10326964,12.931032,22.71965,-0.58227813,-0.103086114,12.984673,22.775213,-0.5821347,-0.102969505,13.078651,22.879766,-0.5819112,-0.10281163,13.127699,22.935469,-0.58183193,-0.10277611,13.143286,23.026525,-0.58238924,-0.102773115,13.139139,23.147087,-0.5832411,-0.10277866,13.137709,23.216166,-0.5835362,-0.10278053,13.13743,23.25494,-0.58363086,-0.10278116,13.137282,23.275948,-0.58365095,-0.102781326,13.137266,23.286814,-0.58365166,-0.10278136,13.1372595,23.292324,-0.5836499,-0.10278136,13.137259,23.295101,-0.58364886,-0.102781355,13.13726,23.296463,-0.5836484,-0.102781355
0.0,0.0,0.0,0.0,0.0,0.0,0.0,0.0,0.0,0.0,0.0,0.0,0.0027632844,0.010948745,-0.001171945,0.0001773164,0.005915873,0.022653151,-0.0023891635,0.00040648173,0.0121796,0.044851955,-0.0046197902,0.0008230599,0.02251096,0.079487346,-0.00782556,0.0013713315,0.027651777,0.095693,-0.009052914,0.0015620078,0.0,0.0,0.0,0.0,0.0,0.0,0.0,0.0,0.0,0.0,0.0,0.0,0.0,0.0,0.0,0.0,0.0,0.0,0.0,0.0,0.0,0.0,0.0,0.0,0.0,0.0,0.0,0.0,0.0,0.0,0.0,0.0,0.0,0.0,0.0,0.0,0.0,0.0,0.0,0.0,0.0,0.0,0.0,0.0,0.0,0.0,0.0,0.0,0.0,0.0,0.0,0.0,0.0,0.0,0.0,0.0,0.0,0.0,0.0,0.0,0.0,0.0,0.0,0.0
0.055955205,0.20272541,3.9759429,0.120846376,0.86978513,3.7858331,5.2285542,0.0031687953,3.0891285,13.532227,4.59596,-0.3145944,6.232246,27.26712,3.8599954,-0.63812125,8.8936825,38.88979,3.3228996,-0.8535688,10.600954,46.379135,3.0263193,-0.9602487,12.525143,54.953426,2.7424276,-1.0482663,13.44201,59.24845,2.6350706,-1.0746205,13.8435755,61.197464,2.6103072,-1.0797423,13.996368,61.915794,2.6223936,-1.0786629,14.076963,62.305862,2.6357088,-1.079063,14.122802,62.542328,2.646861,-1.0796554,14.150718,62.69957,2.6553676,-1.0801874,14.1991415,63.01817,2.6718462,-1.0813036,14.222608,63.226788,2.678592,-1.0818174,14.234669,63.43391,2.6793954,-1.0820076,14.234158,63.719986,2.6754575,-1.0820236,14.228584,63.990273,2.6703832,-1.0819678,14.225595,64.14063,2.6676755,-1.0819335,14.224188,64.225266,2.6662488,-1.08192,14.2236395,64.27186,2.6656222,-1.0819184,14.223474,64.29547,2.665402,-1.0819205,14.223428,64.3061,2.6653388,-1.0819218,14.223419,64.310486,2.665323,-1.081922
4.7811327,10.366265,-1.1297623,0.092494205,18.6784,41.05981,-2.8276374,0.25493112,37.622395,82.61852,-4.623859,0.43461686,50.614323,110.58636,-5.72968,0.541329,57.035835,123.941574,-6.2494783,0.5865973,60.668552,131.20264,-6.5325236,0.6084949,64.43918,138.36037,-6.8123055,0.6267569,66.2053,141.40459,-6.8925934,0.62553155,67.12921,142.88843,-6.9190736,0.618076,67.60523,143.6355,-6.9514704,0.6123445,67.8927,144.06221,-6.9690647,0.6069453,68.07343,144.31447,-6.97828,0.60273486,68.19069,144.46884,-6.9831314,0.59984493,68.38239,144.7209,-6.989726,0.59513056,68.46803,144.84393,-6.991644,0.59325755,68.52491,144.92023,-6.992177,0.5928504,0.0,0.0,0.0,0.0,0.0,0.0,0.0,0.0,0.0,0.0,0.0,0.0,0.0,0.0,0.0,0.0,0.0,0.0,0.0,0.0,0.0,0.0,0.0,0.0,0.0,0.0,0.0,0.0,0.0,0.0,0.0,0.0
